INCIDENT_KEY,OCCUR_DATE,OCCUR_TIME,BORO,PRECINCT,JURISDICTION_CODE,LOCATION_DESC,STATISTICAL_MURDER_FLAG,PERP_AGE_GROUP,PERP_SEX,PERP_RACE,VIC_AGE_GROUP,VIC_SEX,VIC_RACE,X_COORD_CD,Y_COORD_CD,Latitude,Longitude
199134397,06/30/2019,21:35:00,QUEENS,101,0,,false,,,,25-44,M,WHITE HISPANIC,1051810,158386,40.60115995800004,-73.75670987699993
199134405,06/30/2019,04:24:00,MANHATTAN,10,2,MULTI DWELL - PUBLIC HOUS,false,25-44,M,BLACK,25-44,F,BLACK,982756,210140,40.74347045500008,-74.00539300399998
199134404,06/30/2019,03:33:00,STATEN ISLAND,120,0,,false,,,,18-24,M,BLACK,961586,167100,40.625306611000035,-74.08164662399997
199134399,06/30/2019,01:20:00,BRONX,41,0,MULTI DWELL - APT BUILD,true,18-24,M,BLACK,18-24,M,WHITE HISPANIC,1011581,235322,40.81254626700007,-73.90126678999997
199134403,06/29/2019,18:39:00,BROOKLYN,83,0,,false,45-64,M,BLACK,25-44,M,BLACK,1003824,192762,40.695750503000056,-73.92941323199994
199134401,06/29/2019,06:00:00,BROOKLYN,70,0,,false,18-24,M,WHITE HISPANIC,18-24,M,WHITE,996021,167201,40.62560501000007,-73.95759720299998
199134406,06/29/2019,05:48:00,BROOKLYN,69,0,PVT HOUSE,false,,,,25-44,F,BLACK,1013573,170157,40.63367789500006,-73.89435450199994
199134406,06/29/2019,05:48:00,BROOKLYN,69,0,PVT HOUSE,false,,,,25-44,M,BLACK,1013573,170157,40.63367789500006,-73.89435450199994
199134398,06/28/2019,17:35:00,BROOKLYN,73,0,MULTI DWELL - APT BUILD,false,18-24,M,BLACK,25-44,F,BLACK,1008228,183789,40.67111083400005,-73.91356336299998
199134398,06/28/2019,17:35:00,BROOKLYN,73,0,MULTI DWELL - APT BUILD,false,18-24,M,BLACK,25-44,M,BLACK,1008228,183789,40.67111083400005,-73.91356336299998
199134402,06/28/2019,12:34:00,BROOKLYN,72,0,MULTI DWELL - APT BUILD,true,25-44,M,ASIAN / PACIFIC ISLANDER,45-64,M,ASIAN / PACIFIC ISLANDER,982753,172890,40.64122780400004,-74.00539554699996
199134400,06/28/2019,04:30:00,QUEENS,110,0,,false,,,,25-44,M,BLACK,1021509,208334,40.73843508200008,-73.86555105999997
199061351,06/28/2019,00:26:00,BROOKLYN,83,0,,false,,,,<18,M,WHITE HISPANIC,1003823,194497,40.70051267600007,-73.92941179699994
199052835,06/28/2019,00:25:00,BRONX,42,2,MULTI DWELL - PUBLIC HOUS,true,,,,25-44,M,BLACK,1009394,242828,40.833154599000075,-73.90913931099993
199046249,06/27/2019,21:02:00,QUEENS,101,0,,false,25-44,M,WHITE HISPANIC,25-44,M,WHITE HISPANIC,1053917,159316,40.603696297000056,-73.74911276899996
199046250,06/27/2019,01:00:00,BRONX,52,0,,false,,,,18-24,M,BLACK HISPANIC,1009309,252307,40.859171900000035,-73.90941104999997
199046251,06/27/2019,00:15:00,BRONX,46,0,,false,,,,25-44,M,BLACK,1005725,249742,40.85214118700002,-73.92237572199997
198998743,06/26/2019,20:45:00,BROOKLYN,81,0,,false,<18,M,BLACK,<18,M,BLACK,1004471,187274,40.68068575000007,-73.92709647699996
198998742,06/26/2019,00:36:00,QUEENS,114,2,MULTI DWELL - PUBLIC HOUS,false,18-24,M,BLACK,25-44,M,UNKNOWN,1009077,214329,40.75493348100008,-73.91039019299996
198948496,06/25/2019,22:24:00,BROOKLYN,81,0,PVT HOUSE,false,,,,18-24,M,BLACK,1006938,187372,40.680948759000046,-73.91820160899994
198948498,06/25/2019,16:48:00,QUEENS,108,0,PVT HOUSE,false,65+,M,UNKNOWN,45-64,F,WHITE,1009241,212324,40.74942980400005,-73.90980569899993
198948497,06/25/2019,02:55:00,BRONX,42,0,,false,18-24,M,UNKNOWN,25-44,M,BLACK HISPANIC,1013492,243405,40.834725680000076,-73.89432798599995
198948495,06/25/2019,01:20:00,QUEENS,109,0,,false,<18,M,ASIAN / PACIFIC ISLANDER,18-24,M,UNKNOWN,1032807,217854,40.76451021500004,-73.82471319199995
198948494,06/25/2019,00:01:00,BRONX,48,0,,false,,,,25-44,M,BLACK,1014015,251634,40.85731010600006,-73.89240146599997
198900605,06/24/2019,18:55:00,MANHATTAN,32,0,GROCERY/BODEGA,true,,,,25-44,M,BLACK,1000928,236480,40.81575118600006,-73.93974841499994
198900606,06/24/2019,02:49:00,BRONX,41,0,,false,,,,25-44,M,BLACK,1014135,236990,40.817116189000046,-73.89203291499997
198900607,06/24/2019,00:05:00,BROOKLYN,60,0,,false,,,,18-24,M,BLACK,985897,148507,40.574301425000044,-73.99407278899997
198858232,06/23/2019,23:08:00,BRONX,43,0,,false,25-44,M,BLACK,25-44,M,WHITE HISPANIC,1019719,243343,40.834532695000064,-73.87182548099996
198858233,06/23/2019,20:35:00,BRONX,50,0,,false,18-24,M,BLACK,18-24,M,WHITE HISPANIC,1010218,258831,40.87707565900007,-73.90609965999994
198858231,06/23/2019,16:00:00,BRONX,44,0,,false,,,,25-44,M,BLACK,1008053,241673,40.82998817300006,-73.91398933899995
198858231,06/23/2019,16:00:00,BRONX,44,0,,false,,,,<18,M,BLACK,1008053,241673,40.82998817300006,-73.91398933899995
198858230,06/23/2019,12:02:00,BROOKLYN,61,0,,false,18-24,M,BLACK,25-44,M,WHITE HISPANIC,995122,155693,40.59401905900006,-73.96085431599995
198858229,06/23/2019,02:15:00,BRONX,46,0,,false,18-24,M,BLACK HISPANIC,18-24,M,WHITE HISPANIC,1011477,250772,40.85495236700007,-73.90157978699995
198858229,06/23/2019,02:15:00,BRONX,46,0,,false,<18,M,BLACK HISPANIC,18-24,M,WHITE HISPANIC,1011477,250772,40.85495236700007,-73.90157978699995
198858227,06/23/2019,00:30:00,MANHATTAN,30,0,,false,,,,25-44,M,WHITE HISPANIC,997736,240029,40.82549764000004,-73.95127310099997
198857666,06/22/2019,22:30:00,BRONX,44,2,MULTI DWELL - PUBLIC HOUS,false,25-44,M,BLACK,25-44,F,BLACK,1006852,239269,40.82339303400005,-73.91833724599996
198857666,06/22/2019,22:30:00,BRONX,44,2,MULTI DWELL - PUBLIC HOUS,false,25-44,M,BLACK,25-44,M,BLACK,1006852,239269,40.82339303400005,-73.91833724599996
198858228,06/22/2019,02:36:00,BROOKLYN,94,2,MULTI DWELL - PUBLIC HOUS,true,,,,25-44,M,BLACK HISPANIC,1001064,200639,40.71737668200007,-73.93934673599993
198857665,06/21/2019,23:30:00,BRONX,40,2,MULTI DWELL - PUBLIC HOUS,false,,,,18-24,M,BLACK,1005530,233943,40.808777943000045,-73.923130702
198760075,06/20/2019,19:09:00,BROOKLYN,75,0,GAS STATION,false,<18,M,UNKNOWN,25-44,M,WHITE HISPANIC,1019847,184424,40.67281467300006,-73.87167482899997
198760073,06/20/2019,19:02:00,BROOKLYN,77,0,,false,25-44,M,BLACK HISPANIC,25-44,M,BLACK,1002625,183496,40.670320017000044,-73.93376235799997
198760073,06/20/2019,19:02:00,BROOKLYN,77,0,,false,25-44,M,BLACK HISPANIC,<18,M,BLACK,1002625,183496,40.670320017000044,-73.93376235799997
198760074,06/20/2019,17:43:00,BROOKLYN,63,0,,false,18-24,M,BLACK,25-44,M,BLACK,1001311,166450,40.623535065000056,-73.938542237
198705941,06/19/2019,18:01:00,BROOKLYN,73,0,,false,,,,45-64,M,BLACK,1006976,184974,40.67436669500006,-73.91807268799994
198705943,06/19/2019,10:40:00,MANHATTAN,5,2,MULTI DWELL - PUBLIC HOUS,false,25-44,M,BLACK,25-44,M,BLACK,984075,198251,40.71083816400005,-74.000632678
198653292,06/18/2019,10:50:00,BROOKLYN,73,2,MULTI DWELL - PUBLIC HOUS,false,18-24,M,BLACK,18-24,M,BLACK,1010854,182099,40.66646466200007,-73.90410359499998
198595255,06/17/2019,23:21:00,BROOKLYN,73,0,,false,,,,45-64,M,WHITE HISPANIC,1009528,186407,40.67829303700007,-73.90886718999997
198595257,06/17/2019,17:34:00,BRONX,43,0,,false,,,,18-24,M,BLACK,1023757,242233,40.83146892900004,-73.85723973399996
198595258,06/17/2019,14:47:00,BROOKLYN,81,2,MULTI DWELL - PUBLIC HOUS,true,,,,25-44,M,BLACK,1001727,191635,40.69266153900003,-73.93697840199997
198552502,06/15/2019,04:14:00,MANHATTAN,32,0,,true,<18,M,BLACK,25-44,M,BLACK,999488,235746,40.81373916300004,-73.94495240499998
198552994,06/15/2019,01:25:00,MANHATTAN,32,0,,false,,,,18-24,M,BLACK,1000313,234249,40.80962885300004,-73.94197557899997
198552995,06/14/2019,15:57:00,BROOKLYN,73,0,,false,,,,25-44,M,BLACK,1005740,182009,40.666231521000036,-73.92253800099996
198552996,06/14/2019,02:45:00,BRONX,44,0,,false,,,,25-44,M,WHITE HISPANIC,1007338,246716,40.84383164100007,-73.91655562999993
198457970,06/13/2019,16:10:00,MANHATTAN,23,2,MULTI DWELL - PUBLIC HOUS,false,,,,25-44,M,WHITE HISPANIC,997937,226909,40.789486555000046,-73.95057358399998
198457971,06/13/2019,15:06:00,BROOKLYN,88,2,MULTI DWELL - PUBLIC HOUS,false,18-24,M,BLACK,18-24,M,BLACK,991352,192378,40.69471530800007,-73.97439044799995
198405079,06/12/2019,22:57:00,BROOKLYN,61,0,,false,25-44,M,BLACK,25-44,M,BLACK,1000566,156826,40.59712056600006,-73.94124921699995
198404597,06/12/2019,19:37:00,BROOKLYN,77,0,GROCERY/BODEGA,true,25-44,M,BLACK,45-64,M,BLACK,1000435,185274,40.67520450200004,-73.94165270399996
198405080,06/12/2019,19:27:00,STATEN ISLAND,121,0,,false,18-24,M,WHITE HISPANIC,18-24,M,BLACK HISPANIC,937942,170983,40.635872566000046,-74.16684866599996
198405076,06/12/2019,08:09:00,BRONX,49,2,MULTI DWELL - PUBLIC HOUS,false,,,,25-44,F,WHITE,1023622,253318,40.86189455900006,-73.85766248
198405077,06/12/2019,02:14:00,BROOKLYN,77,0,,false,,,,25-44,M,BLACK,993387,187600,40.68159892600005,-73.96705837799993
198350536,06/11/2019,21:41:00,BROOKLYN,75,0,,false,18-24,M,WHITE HISPANIC,18-24,M,BLACK,1020214,183053,40.669050105000046,-73.87035911599996
198266990,06/10/2019,02:21:00,MANHATTAN,30,0,,true,18-24,M,BLACK,25-44,M,BLACK,998886,240181,40.825913006000064,-73.94711752799998
198295765,06/10/2019,00:55:00,BROOKLYN,83,0,,false,,,,25-44,M,BLACK HISPANIC,1006847,192241,40.69431327700005,-73.91851337199995
198255470,06/09/2019,22:20:00,BRONX,42,0,,false,,,,18-24,M,BLACK,1015667,243850,40.83593960600007,-73.88646598899999
198255468,06/09/2019,22:13:00,QUEENS,103,2,MULTI DWELL - PUBLIC HOUS,false,,,,18-24,M,BLACK,1041409,193095,40.696501571000056,-73.79387084199995
198255469,06/09/2019,20:01:00,BRONX,52,0,,false,18-24,M,BLACK HISPANIC,25-44,M,WHITE HISPANIC,1010327,253958,40.86370044700004,-73.90572447299998
198255466,06/09/2019,02:25:00,MANHATTAN,25,2,MULTI DWELL - PUBLIC HOUS,false,,,,25-44,F,BLACK,1000980,231749,40.802765805000035,-73.93957234299995
198255467,06/08/2019,22:44:00,STATEN ISLAND,120,0,,false,18-24,M,BLACK,25-44,M,BLACK,951610,171560,40.63751722000006,-74.11760587299993
198255459,06/08/2019,05:05:00,MANHATTAN,33,0,,true,18-24,M,BLACK,18-24,M,WHITE HISPANIC,1001264,244950,40.838998278000076,-73.93851306099998
198255459,06/08/2019,05:05:00,MANHATTAN,33,0,,true,18-24,M,BLACK HISPANIC,18-24,M,WHITE HISPANIC,1001264,244950,40.838998278000076,-73.93851306099998
198255465,06/08/2019,02:55:00,BROOKLYN,79,0,MULTI DWELL - APT BUILD,false,,,,45-64,F,BLACK,995826,188145,40.68309197400004,-73.958263731
198255463,06/08/2019,00:40:00,BROOKLYN,79,0,,false,,,,45-64,M,BLACK,995908,187609,40.68162066800004,-73.95796900499995
198255461,06/07/2019,22:25:00,BROOKLYN,79,2,MULTI DWELL - PUBLIC HOUS,false,,,,18-24,F,BLACK,999382,190051,40.68831814300006,-73.94543815999998
198255461,06/07/2019,22:25:00,BROOKLYN,79,2,MULTI DWELL - PUBLIC HOUS,false,,,,18-24,M,BLACK,999382,190051,40.68831814300006,-73.94543815999998
198255460,06/07/2019,17:50:00,BROOKLYN,73,0,,false,45-64,M,WHITE HISPANIC,25-44,M,BLACK,1009650,186966,40.67982701600005,-73.90842523899995
198255460,06/07/2019,17:50:00,BROOKLYN,73,0,,false,45-64,M,WHITE HISPANIC,25-44,M,WHITE HISPANIC,1009650,186966,40.67982701600005,-73.90842523899995
198255458,06/07/2019,17:08:00,MANHATTAN,23,2,MULTI DWELL - PUBLIC HOUS,false,<18,M,BLACK,45-64,F,BLACK,997920,227368,40.790746414000076,-73.95063404199995
198255457,06/07/2019,10:30:00,BROOKLYN,75,0,PVT HOUSE,false,25-44,M,BLACK,45-64,M,BLACK,1020467,183148,40.66930982700006,-73.86944659699996
198171739,06/07/2019,00:15:00,BRONX,49,2,MULTI DWELL - PUBLIC HOUS,false,25-44,M,BLACK,25-44,M,BLACK,1025619,256059,40.869408631000056,-73.85042595199997
198171739,06/07/2019,00:15:00,BRONX,49,2,MULTI DWELL - PUBLIC HOUS,true,25-44,M,BLACK,25-44,M,BLACK,1025619,256059,40.869408631000056,-73.85042595199997
198171739,06/07/2019,00:15:00,BRONX,49,2,MULTI DWELL - PUBLIC HOUS,false,25-44,M,BLACK,45-64,M,BLACK,1025619,256059,40.869408631000056,-73.85042595199997
198171739,06/07/2019,00:15:00,BRONX,49,2,MULTI DWELL - PUBLIC HOUS,true,25-44,M,BLACK,45-64,M,BLACK,1025619,256059,40.869408631000056,-73.85042595199997
198159775,06/06/2019,17:30:00,BROOKLYN,70,0,,false,18-24,M,BLACK,18-24,M,BLACK,998712,170677,40.635141912000044,-73.94789561099998
198159773,06/06/2019,00:56:00,BROOKLYN,79,2,MULTI DWELL - PUBLIC HOUS,false,25-44,M,BLACK,25-44,M,BLACK,998989,189991,40.688154120000036,-73.94685537799995
198107751,06/05/2019,23:38:00,QUEENS,105,0,PVT HOUSE,false,,,,65+,F,BLACK,1053432,185858,40.676551919000076,-73.75058721799998
198107752,06/05/2019,12:20:00,BRONX,40,2,MULTI DWELL - PUBLIC HOUS,false,18-24,M,BLACK,<18,M,BLACK,1007373,232752,40.80550434700007,-73.91647725199994
198107752,06/05/2019,12:20:00,BRONX,40,2,MULTI DWELL - PUBLIC HOUS,false,25-44,M,BLACK,<18,M,BLACK,1007373,232752,40.80550434700007,-73.91647725199994
198107752,06/05/2019,12:20:00,BRONX,40,2,MULTI DWELL - PUBLIC HOUS,false,25-44,M,WHITE HISPANIC,<18,M,BLACK,1007373,232752,40.80550434700007,-73.91647725199994
198052649,06/04/2019,22:50:00,BROOKLYN,88,2,MULTI DWELL - PUBLIC HOUS,false,<18,M,BLACK,18-24,M,BLACK,990007,192515,40.69509231700005,-73.979240625
198052648,06/04/2019,19:58:00,BRONX,52,0,,false,,,,25-44,M,WHITE HISPANIC,1011095,253282,40.861842730000035,-73.90295060899997
198052647,06/04/2019,19:56:00,BROOKLYN,90,2,MULTI DWELL - PUBLIC HOUS,false,18-24,M,BLACK,<18,F,BLACK,1001414,195664,40.70372081700003,-73.93809683099995
198055667,06/04/2019,02:00:00,BRONX,52,0,,false,,,,25-44,F,WHITE HISPANIC,1013735,255974,40.86922302700003,-73.89339456699997
197997726,06/03/2019,23:05:00,BRONX,46,0,MULTI DWELL - APT BUILD,false,,,,18-24,M,WHITE HISPANIC,1013293,252852,40.86065555300007,-73.89500620399998
197997725,06/03/2019,07:07:00,BROOKLYN,75,2,MULTI DWELL - PUBLIC HOUS,false,25-44,M,BLACK,18-24,M,BLACK,1016409,178125,40.65553848200005,-73.88409879299998
197953468,06/02/2019,22:15:00,BROOKLYN,75,0,,true,,,,25-44,M,BLACK,1021396,183855,40.671246534000026,-73.86609385299994
197953470,06/02/2019,01:56:00,BRONX,41,0,,false,18-24,M,WHITE HISPANIC,18-24,M,WHITE HISPANIC,1011153,235312,40.812520134000074,-73.90281300199997
197953469,06/01/2019,23:11:00,BROOKLYN,75,0,RESTAURANT/DINER,false,45-64,M,WHITE HISPANIC,25-44,M,WHITE HISPANIC,1012920,183086,40.669167307000066,-73.89665221699995
197953465,06/01/2019,22:20:00,BROOKLYN,71,0,,false,,,,18-24,M,BLACK,1003286,181971,40.66613283600003,-73.93138385999998
197953467,06/01/2019,22:12:00,BRONX,41,0,,false,18-24,M,BLACK,<18,M,BLACK,1015287,235984,40.81435102900008,-73.88787562499994
197953467,06/01/2019,22:12:00,BRONX,41,0,,false,<18,M,BLACK,<18,M,BLACK,1015287,235984,40.81435102900008,-73.88787562499994
197953466,06/01/2019,21:25:00,BRONX,42,2,MULTI DWELL - PUBLIC HOUS,false,,,,25-44,M,BLACK,1010706,243782,40.83576922100008,-73.90439441599993
197953462,06/01/2019,14:14:00,QUEENS,101,0,,false,18-24,M,BLACK,45-64,F,WHITE,1052809,159159,40.60327400700004,-73.75310453299994
197953462,06/01/2019,14:14:00,QUEENS,101,0,,false,18-24,M,BLACK,25-44,M,BLACK,1052809,159159,40.60327400700004,-73.75310453299994
197953471,06/01/2019,13:45:00,BROOKLYN,77,0,,false,18-24,M,BLACK,18-24,M,BLACK,996216,184738,40.673740010000074,-73.95686362099997
197953471,06/01/2019,13:45:00,BROOKLYN,77,0,,false,<18,M,BLACK,18-24,M,BLACK,996216,184738,40.673740010000074,-73.95686362099997
197953464,06/01/2019,04:47:00,BROOKLYN,73,0,,true,18-24,M,BLACK,25-44,M,BLACK,1008382,187866,40.682300858000076,-73.91299361299998
197953463,05/31/2019,15:55:00,BROOKLYN,79,0,,false,25-44,M,BLACK HISPANIC,25-44,M,BLACK,1001329,187143,40.68033280500004,-73.93842499899995
197850804,05/30/2019,05:35:00,BRONX,46,0,,false,25-44,M,WHITE HISPANIC,25-44,M,BLACK HISPANIC,1008550,248223,40.84796466000005,-73.91216969999994
197850586,05/30/2019,04:33:00,BROOKLYN,67,0,,false,,,,25-44,M,BLACK,1005192,176639,40.65149336800005,-73.92453001199993
197801426,05/29/2019,10:15:00,BROOKLYN,60,0,,false,18-24,M,BLACK,18-24,M,BLACK,988806,153480,40.58795031200003,-73.98359800899993
197700945,05/28/2019,04:15:00,BROOKLYN,75,0,,false,,,,25-44,M,BLACK,1017589,180904,40.663161856000045,-73.87983227999997
197706724,05/28/2019,03:10:00,BRONX,40,2,MULTI DWELL - PUBLIC HOUS,false,25-44,M,BLACK HISPANIC,25-44,M,BLACK HISPANIC,1006699,233128,40.80653810100006,-73.918910596
197700947,05/28/2019,02:42:00,MANHATTAN,32,0,,false,,,,25-44,M,BLACK,1001900,238191,40.82044551200005,-73.93623234699999
197700946,05/28/2019,01:50:00,MANHATTAN,23,2,MULTI DWELL - PUBLIC HOUS,false,25-44,M,BLACK,25-44,M,BLACK,1000102,229680,40.79708858400005,-73.94274857999993
197700944,05/28/2019,01:20:00,BROOKLYN,69,0,,false,,,,18-24,M,BLACK,1014401,169812,40.63272816400007,-73.89137286999993
197692916,05/27/2019,23:32:00,BRONX,42,0,,true,18-24,M,BLACK,18-24,M,BLACK,1013407,243571,40.83518158300007,-73.89463443299998
197692916,05/27/2019,23:32:00,BRONX,42,0,,true,<18,M,BLACK,18-24,M,BLACK,1013407,243571,40.83518158300007,-73.89463443299998
197706725,05/27/2019,23:00:00,QUEENS,107,2,MULTI DWELL - PUBLIC HOUS,false,,,,25-44,M,BLACK,1036732,207396,40.73578327800004,-73.81062580299994
197691092,05/27/2019,20:50:00,BROOKLYN,79,0,,false,,,,18-24,M,BLACK,1000286,186745,40.67924233600007,-73.94218636599999
197691092,05/27/2019,20:50:00,BROOKLYN,79,0,,false,,,,<18,M,BLACK,1000286,186745,40.67924233600007,-73.94218636599999
197691091,05/27/2019,18:53:00,BROOKLYN,75,0,,false,,,,25-44,M,BLACK,1021254,181801,40.66560936100007,-73.86661702199996
197691091,05/27/2019,18:53:00,BROOKLYN,75,0,,true,,,,25-44,M,BLACK,1021254,181801,40.66560936100007,-73.86661702199996
197691090,05/27/2019,18:00:00,BROOKLYN,67,0,,false,18-24,M,BLACK,18-24,M,BLACK,998235,173191,40.64204307200004,-73.94960900699994
197691090,05/27/2019,18:00:00,BROOKLYN,67,0,,false,<18,M,BLACK,18-24,M,BLACK,998235,173191,40.64204307200004,-73.94960900699994
197665544,05/27/2019,02:46:00,QUEENS,113,0,,false,,,,25-44,M,BLACK,1052435,194734,40.70092214400006,-73.75409174199996
197662445,05/26/2019,21:22:00,BROOKLYN,71,0,,false,25-44,M,BLACK,25-44,M,WHITE HISPANIC,1002498,181698,40.665385170000036,-73.93422504099993
197662447,05/26/2019,21:01:00,BROOKLYN,75,0,,false,,,,25-44,M,WHITE,1019237,189214,40.68596455800008,-73.87384899899996
197662446,05/26/2019,20:08:00,BROOKLYN,75,0,,false,,,,25-44,M,BLACK,1015379,182115,40.66649382600008,-73.88779253999998
197662446,05/26/2019,20:08:00,BROOKLYN,75,0,,true,,,,25-44,M,BLACK,1015379,182115,40.66649382600008,-73.88779253999998
197660700,05/26/2019,18:44:00,BROOKLYN,67,0,,false,<18,M,BLACK,<18,M,BLACK,1006437,176073,40.64993678900004,-73.92004510699996
197660699,05/26/2019,14:00:00,BROOKLYN,77,0,,false,,,,25-44,M,BLACK,1004127,182891,40.668656183000046,-73.92834966199997
197660693,05/26/2019,05:21:00,MANHATTAN,23,2,MULTI DWELL - PUBLIC HOUS,false,25-44,M,BLACK,25-44,F,BLACK,1000552,225907,40.78673189800003,-73.94113246799998
197660693,05/26/2019,05:21:00,MANHATTAN,23,2,MULTI DWELL - PUBLIC HOUS,true,25-44,M,BLACK,25-44,F,BLACK,1000552,225907,40.78673189800003,-73.94113246799998
197660693,05/26/2019,05:21:00,MANHATTAN,23,2,MULTI DWELL - PUBLIC HOUS,false,25-44,M,BLACK,25-44,M,BLACK,1000552,225907,40.78673189800003,-73.94113246799998
197660693,05/26/2019,05:21:00,MANHATTAN,23,2,MULTI DWELL - PUBLIC HOUS,true,25-44,M,BLACK,25-44,M,BLACK,1000552,225907,40.78673189800003,-73.94113246799998
197660695,05/25/2019,23:58:00,BROOKLYN,75,0,,false,,,,25-44,M,BLACK,1014557,181661,40.66525054900006,-73.890757594
197660697,05/25/2019,23:40:00,QUEENS,100,2,MULTI DWELL - PUBLIC HOUS,false,,,,25-44,M,BLACK,1037554,154246,40.58989372800004,-73.80807989899995
197660694,05/25/2019,00:12:00,MANHATTAN,7,0,,false,,,,25-44,M,BLACK,988664,200228,40.71626346000005,-73.98407867999998
197654796,05/24/2019,22:13:00,BRONX,44,0,,false,,,,18-24,M,BLACK,1006954,242413,40.83202215400007,-73.91795806799998
197654798,05/24/2019,20:29:00,BROOKLYN,67,0,,false,,,,<18,M,BLACK,1004363,176942,40.65232695800007,-73.92751668299998
197655792,05/24/2019,16:11:00,BROOKLYN,70,0,,false,<18,M,UNKNOWN,18-24,M,BLACK,995678,176383,40.650808090000055,-73.95881728799998
197654797,05/24/2019,00:23:00,BRONX,49,0,,false,,,,25-44,M,BLACK,1026773,256451,40.87047906600003,-73.84625102199995
197573448,05/23/2019,20:39:00,BROOKLYN,75,0,,false,25-44,M,BLACK,25-44,M,BLACK,1018964,182071,40.666359726000046,-73.87487014199996
197573447,05/23/2019,19:16:00,MANHATTAN,34,0,,false,<18,M,BLACK,18-24,M,WHITE HISPANIC,1003718,252533,40.85980630000005,-73.92962232099995
197534776,05/23/2019,01:35:00,BRONX,40,2,MULTI DWELL - APT BUILD,false,,,,25-44,M,WHITE HISPANIC,1007857,235590,40.81329258800002,-73.91471898299993
197534775,05/23/2019,00:20:00,BRONX,42,0,,false,,,,25-44,M,BLACK,1014875,244467,40.83763587300007,-73.88932531599994
197525797,05/22/2019,22:19:00,MANHATTAN,28,2,MULTI DWELL - PUBLIC HOUS,false,,,,25-44,M,BLACK,998330,230187,40.798483162000025,-73.94914747099993
197525242,05/22/2019,21:32:00,BRONX,42,0,,false,,,,18-24,M,BLACK,1012059,244779,40.83850153900005,-73.89950079699997
197475508,05/21/2019,22:22:00,BROOKLYN,77,1,,false,<18,M,BLACK,45-64,F,WHITE,995908,183618,40.67066627200006,-73.95797590799998
197423972,05/20/2019,18:30:00,BRONX,45,0,MULTI DWELL - APT BUILD,false,,,,18-24,M,BLACK,1032380,259229,40.878075016000025,-73.82595788299993
197423567,05/20/2019,04:30:00,QUEENS,108,0,,false,25-44,M,BLACK HISPANIC,25-44,M,WHITE HISPANIC,998672,211187,40.74633257700003,-73.94795301199997
197381376,05/19/2019,18:37:00,QUEENS,103,0,,false,,,,25-44,M,BLACK,1044315,193135,40.69659211500005,-73.78339071499995
197381382,05/19/2019,04:17:00,BROOKLYN,67,0,,false,,,,25-44,M,BLACK,1007709,178177,40.65570853100007,-73.91545382599996
197381379,05/19/2019,02:30:00,MANHATTAN,7,2,MULTI DWELL - PUBLIC HOUS,false,25-44,M,WHITE HISPANIC,45-64,M,BLACK,987900,198758,40.712229008000065,-73.98683547899996
197381384,05/18/2019,21:10:00,BRONX,46,0,,false,,,,18-24,M,WHITE HISPANIC,1011078,248752,40.84940928900005,-73.90303019599996
197381383,05/18/2019,20:13:00,BROOKLYN,75,0,,false,18-24,M,BLACK,18-24,M,BLACK,1016177,175721,40.64894086900005,-73.88494631099996
197381381,05/18/2019,18:40:00,MANHATTAN,28,0,,false,,,,18-24,M,BLACK HISPANIC,996922,233397,40.80729586300004,-73.95422681099996
197381380,05/18/2019,09:53:00,MANHATTAN,32,0,,false,25-44,F,BLACK,45-64,F,BLACK,1000871,237255,40.81787845200005,-73.93995242199998
197381377,05/18/2019,03:39:00,MANHATTAN,28,0,PVT HOUSE,false,18-24,M,BLACK,25-44,M,BLACK,998495,229943,40.79781318400006,-73.94855204399995
197381375,05/17/2019,23:59:00,BRONX,44,0,,false,,,,18-24,M,BLACK,1008123,244271,40.837118743000076,-73.91372714799998
197381374,05/17/2019,21:36:00,MANHATTAN,32,2,MULTI DWELL - PUBLIC HOUS,true,<18,M,BLACK,<18,M,BLACK,999126,235493,40.81304536500005,-73.94626073199998
197293452,05/16/2019,22:01:00,BRONX,47,0,,false,25-44,M,BLACK,18-24,M,BLACK,1020808,262493,40.88708918800006,-73.86778566699996
197293452,05/16/2019,22:01:00,BRONX,47,0,,false,25-44,M,BLACK,18-24,M,WHITE,1020808,262493,40.88708918800006,-73.86778566699996
197293450,05/16/2019,20:15:00,BROOKLYN,79,0,,false,<18,M,BLACK,<18,M,BLACK,1000422,192120,40.69399523200008,-73.94168313999995
197293451,05/16/2019,19:26:00,BROOKLYN,77,0,,true,18-24,M,BLACK,25-44,M,BLACK,999272,185194,40.67498697000008,-73.94584562599994
197254458,05/15/2019,19:08:00,BRONX,46,0,,false,18-24,M,BLACK,45-64,M,WHITE HISPANIC,1010606,250926,40.85537769300004,-73.90472771799993
197254458,05/15/2019,19:08:00,BRONX,46,0,,false,18-24,M,BLACK,<18,M,WHITE HISPANIC,1010606,250926,40.85537769300004,-73.90472771799993
197200331,05/14/2019,19:45:00,MANHATTAN,34,0,,false,18-24,M,BLACK,25-44,M,BLACK,1005202,253699,40.863003221000035,-73.92425384299997
197200331,05/14/2019,19:45:00,MANHATTAN,34,0,,false,18-24,M,BLACK HISPANIC,25-44,M,BLACK,1005202,253699,40.863003221000035,-73.92425384299997
197200331,05/14/2019,19:45:00,MANHATTAN,34,0,,false,25-44,M,WHITE,25-44,M,BLACK,1005202,253699,40.863003221000035,-73.92425384299997
197200331,05/14/2019,19:45:00,MANHATTAN,34,0,,false,25-44,M,WHITE HISPANIC,25-44,M,BLACK,1005202,253699,40.863003221000035,-73.92425384299997
197106407,05/11/2019,01:34:00,BRONX,47,0,SOCIAL CLUB/POLICY LOCATI,true,25-44,M,BLACK,25-44,M,BLACK,1024693,261681,40.88484355600008,-73.85374008999997
197016009,05/09/2019,09:23:00,BROOKLYN,75,0,,false,25-44,M,BLACK,25-44,M,BLACK,1012920,183086,40.669167307000066,-73.89665221699995
197016008,05/09/2019,01:32:00,MANHATTAN,1,0,BAR/NIGHT CLUB,false,18-24,M,WHITE HISPANIC,25-44,M,BLACK,982762,204595,40.728250797000044,-74.00537012399997
197016008,05/09/2019,01:32:00,MANHATTAN,1,0,BAR/NIGHT CLUB,false,18-24,M,WHITE HISPANIC,25-44,M,BLACK HISPANIC,982762,204595,40.728250797000044,-74.00537012399997
196820305,05/04/2019,01:45:00,BRONX,48,0,,false,,,,25-44,M,BLACK,1016691,250307,40.853658463000045,-73.88273420199994
197423973,05/03/2019,17:08:00,STATEN ISLAND,121,0,,false,,,,25-44,F,WHITE HISPANIC,944564,168983,40.63041514200007,-74.14297795599998
196820303,05/03/2019,14:24:00,MANHATTAN,28,0,,false,,,,25-44,M,BLACK,997399,230992,40.80069410200008,-73.95250846999993
196730309,05/02/2019,14:35:00,BRONX,42,0,MULTI DWELL - APT BUILD,true,25-44,M,BLACK HISPANIC,25-44,M,BLACK,1014588,242096,40.83112915700008,-73.89037323199994
196678735,05/02/2019,00:23:00,BROOKLYN,75,0,,false,45-64,M,BLACK,25-44,M,BLACK,1016008,185359,40.67539564000003,-73.88550993999998
196680983,05/02/2019,00:19:00,BRONX,46,0,,false,18-24,M,BLACK,18-24,M,BLACK,1010447,252191,40.85885021100006,-73.90529753999994
196630584,04/30/2019,18:29:00,MANHATTAN,25,2,MULTI DWELL - PUBLIC HOUS,false,25-44,U,BLACK,18-24,M,BLACK,1002228,234677,40.810799905000074,-73.93505670199994
196582021,04/30/2019,00:13:00,BROOKLYN,90,0,MULTI DWELL - APT BUILD,false,,,,18-24,M,WHITE HISPANIC,996319,198679,40.712004695000076,-73.95646732699998
196582020,04/29/2019,01:36:00,BRONX,44,0,,false,,,,45-64,M,BLACK,1005501,245608,40.84079511700002,-73.92319851599996
196542452,04/27/2019,23:54:00,BROOKLYN,67,0,MULTI DWELL - APT BUILD,false,,,,25-44,M,WHITE HISPANIC,996876,177505,40.65388611000003,-73.95449784399995
196525187,04/27/2019,11:36:00,BRONX,48,0,MULTI DWELL - APT BUILD,true,25-44,M,BLACK,18-24,M,BLACK HISPANIC,1013952,247178,40.84507992600004,-73.89264894999997
196414298,04/24/2019,23:15:00,BRONX,44,0,,false,,,,25-44,M,BLACK,1009069,244907,40.83886177100004,-73.91030606099997
196414299,04/24/2019,14:58:00,BROOKLYN,71,0,,false,,,,25-44,M,BLACK,1001270,180581,40.662321699000074,-73.93865428399994
196375777,04/24/2019,01:44:00,MANHATTAN,28,0,,true,25-44,M,BLACK,25-44,M,BLACK,999029,231931,40.80326882400004,-73.94661899399993
196364281,04/23/2019,22:54:00,BRONX,47,2,MULTI DWELL - PUBLIC HOUS,false,,,,18-24,M,BLACK,1030386,260908,40.882693990000064,-73.83315683199999
196364280,04/23/2019,22:53:00,BRONX,42,2,MULTI DWELL - PUBLIC HOUS,false,,,,18-24,M,BLACK HISPANIC,1010896,244231,40.837001024000074,-73.90370600899996
196364279,04/23/2019,00:18:00,STATEN ISLAND,121,0,,false,18-24,M,BLACK,18-24,M,BLACK,936722,172119,40.63898417600007,-74.17125230499995
196315233,04/22/2019,23:15:00,BRONX,42,0,,false,,,,18-24,M,BLACK,1010951,240480,40.82670544500007,-73.903522174
196315234,04/22/2019,17:20:00,BROOKLYN,81,0,MULTI DWELL - APT BUILD,false,65+,M,BLACK,45-64,M,BLACK,1006938,187372,40.680948759000046,-73.91820160899994
196315235,04/22/2019,17:01:00,QUEENS,114,2,MULTI DWELL - PUBLIC HOUS,false,,,,25-44,M,BLACK,999484,214810,40.75627543400003,-73.94501432899995
196276907,04/20/2019,01:22:00,BRONX,40,0,,false,,,,25-44,M,BLACK,1010089,237011,40.81718658800003,-73.90665021099994
196276904,04/20/2019,01:19:00,BROOKLYN,84,2,MULTI DWELL - PUBLIC HOUS,false,25-44,M,BLACK,25-44,M,BLACK,988740,194815,40.70140601600008,-73.983808132
196276908,04/19/2019,17:43:00,QUEENS,105,0,,false,18-24,M,BLACK,18-24,M,BLACK,1056792,192445,40.694604754000075,-73.73840293399996
196276903,04/19/2019,00:12:00,QUEENS,113,0,,false,25-44,M,BLACK,25-44,M,BLACK,1053637,190566,40.68947265200006,-73.74979967899996
196276903,04/19/2019,00:12:00,QUEENS,113,0,,false,25-44,M,BLACK,45-64,M,BLACK,1053637,190566,40.68947265200006,-73.74979967899996
196193415,04/18/2019,23:24:00,BROOKLYN,75,0,,false,25-44,M,BLACK,25-44,M,BLACK,1018747,183640,40.67066712500008,-73.87564431799996
196195745,04/18/2019,22:30:00,MANHATTAN,23,2,MULTI DWELL - PUBLIC HOUS,false,,,,25-44,M,BLACK HISPANIC,998437,228299,40.79330094300008,-73.94876499799993
196195743,04/18/2019,21:54:00,MANHATTAN,7,2,MULTI DWELL - PUBLIC HOUS,false,,,,25-44,M,BLACK HISPANIC,989021,200767,40.71774270100008,-73.98279048099994
196193416,04/18/2019,19:50:00,BROOKLYN,75,0,,false,,,,<18,M,BLACK,1017353,185387,40.67546756600007,-73.88066091799993
196193414,04/18/2019,18:05:00,BROOKLYN,88,0,,false,,,,<18,F,BLACK,990027,191934,40.693497594000064,-73.97916899999996
196195746,04/18/2019,16:25:00,MANHATTAN,34,0,,false,25-44,M,BLACK HISPANIC,UNKNOWN,U,UNKNOWN,1002644,250694,40.85476109900002,-73.93351000399997
196193413,04/18/2019,13:53:00,QUEENS,108,0,DRUG STORE,false,25-44,M,WHITE HISPANIC,25-44,M,WHITE,1007610,211185,40.746307995000045,-73.91569614099996
196145427,04/17/2019,16:34:00,MANHATTAN,7,2,MULTI DWELL - PUBLIC HOUS,false,25-44,M,BLACK,18-24,M,BLACK,989578,198999,40.712889645000075,-73.98078254999997
196095817,04/16/2019,20:20:00,QUEENS,106,0,,false,25-44,M,BLACK,25-44,M,BLACK,1038488,183613,40.67049408600008,-73.80448103199996
196095818,04/16/2019,19:45:00,QUEENS,105,0,,false,,,,25-44,M,BLACK,1057395,201036,40.71817995600002,-73.73613510799998
196095816,04/16/2019,17:40:00,QUEENS,114,2,MULTI DWELL - PUBLIC HOUS,false,,,,25-44,M,BLACK,1001955,216397,40.760626741000074,-73.93609107899994
196095819,04/16/2019,17:12:00,BROOKLYN,77,2,MULTI DWELL - PUBLIC HOUS,true,,,,18-24,M,BLACK,1003789,183568,40.67051514900004,-73.92956610799997
196043547,04/15/2019,08:34:00,QUEENS,113,0,,false,,,,25-44,M,BLACK HISPANIC,1043652,190369,40.68900458000007,-73.78580605399996
196000891,04/14/2019,18:35:00,MANHATTAN,30,0,GROCERY/BODEGA,true,,,,45-64,M,WHITE HISPANIC,997098,237847,40.81950961800004,-73.95358253499995
196000892,04/14/2019,14:03:00,BRONX,52,0,,false,,,,18-24,M,BLACK,1010728,252491,40.85967278300007,-73.90428052199997
196000889,04/14/2019,03:35:00,MANHATTAN,9,2,MULTI DWELL - PUBLIC HOUS,false,,,,18-24,M,BLACK,990832,202826,40.723392998000065,-73.97625544299996
196000890,04/14/2019,03:03:00,BRONX,52,0,,false,<18,M,WHITE HISPANIC,25-44,M,BLACK HISPANIC,1010032,252384,40.85938115900007,-73.90679704999997
196000888,04/14/2019,00:50:00,BROOKLYN,73,2,MULTI DWELL - PUBLIC HOUS,false,,,,18-24,M,BLACK,1007628,183445,40.670168236000045,-73.91572748899993
196000888,04/14/2019,00:50:00,BROOKLYN,73,2,MULTI DWELL - PUBLIC HOUS,false,,,,25-44,M,BLACK,1007628,183445,40.670168236000045,-73.91572748899993
195978521,04/13/2019,06:04:00,QUEENS,103,0,,true,,,,45-64,M,BLACK,1042298,192835,40.695782146000056,-73.79066712199995
195978522,04/13/2019,01:50:00,QUEENS,110,0,,true,,,,25-44,M,WHITE HISPANIC,1022285,212504,40.74987737400005,-73.86272726099996
196000887,04/13/2019,00:01:00,MANHATTAN,32,0,BAR/NIGHT CLUB,false,,,,25-44,F,BLACK,1001406,241015,40.82819756300007,-73.93800993799994
195907494,04/11/2019,03:10:00,MANHATTAN,32,0,,false,25-44,M,BLACK,25-44,M,BLACK,1001288,238999,40.82266444500005,-73.93844143899997
195854214,04/10/2019,18:05:00,BRONX,48,0,,false,18-24,M,BLACK,18-24,M,BLACK,1015010,250473,40.854120099000056,-73.88880988799998
195854769,04/10/2019,16:11:00,BROOKLYN,67,0,,true,,,,18-24,M,BLACK,1000243,171648,40.63780446800007,-73.94237719699998
195799804,04/09/2019,18:20:00,QUEENS,115,0,,false,25-44,M,WHITE HISPANIC,25-44,M,WHITE HISPANIC,1021031,216635,40.76122121100008,-73.86723053699995
195799803,04/09/2019,12:25:00,BROOKLYN,60,2,MULTI DWELL - PUBLIC HOUS,false,18-24,M,BLACK,18-24,M,BLACK,986229,148311,40.573763375000055,-73.99287775699997
195744020,04/08/2019,21:35:00,BROOKLYN,79,0,GROCERY/BODEGA,false,,,,25-44,M,BLACK,997892,189416,40.68657763600004,-73.950812118
195743584,04/08/2019,20:35:00,STATEN ISLAND,120,0,,false,18-24,M,BLACK,18-24,M,BLACK,949942,170297,40.63404425200008,-74.12360937499993
195743585,04/08/2019,19:40:00,BROOKLYN,77,0,,false,,,,18-24,M,BLACK,1002318,184652,40.67349360900005,-73.93486594799998
195743583,04/08/2019,16:00:00,BROOKLYN,75,0,FAST FOOD,false,,,,25-44,M,BLACK,1012266,186110,40.67746959700002,-73.89899717699996
195743581,04/08/2019,11:55:00,QUEENS,115,0,MULTI DWELL - APT BUILD,true,45-64,M,WHITE HISPANIC,25-44,M,WHITE HISPANIC,1017904,212282,40.74928579900006,-73.87854005699995
195743582,04/08/2019,04:25:00,BROOKLYN,71,0,HOSPITAL,false,,,,25-44,M,BLACK,1002530,179472,40.65927522700008,-73.93411572899998
195700548,04/07/2019,15:27:00,QUEENS,105,0,,false,,,,45-64,M,BLACK,1056164,181089,40.66344036200008,-73.74078877299998
195699916,04/07/2019,09:53:00,BROOKLYN,67,0,,false,,,,25-44,M,BLACK,1004666,181265,40.664191948000045,-73.92641162299998
195699915,04/07/2019,05:15:00,QUEENS,110,0,,false,,,,18-24,M,BLACK HISPANIC,1018767,207199,40.73533091600007,-73.87545147199995
195699915,04/07/2019,05:15:00,QUEENS,110,0,,false,,,,<18,M,BLACK HISPANIC,1018767,207199,40.73533091600007,-73.87545147199995
195699913,04/07/2019,03:15:00,BRONX,47,2,MULTI DWELL - APT BUILD,false,18-24,M,BLACK,25-44,M,BLACK,1027514,261656,40.88476156000007,-73.84353817799997
195699914,04/07/2019,01:45:00,MANHATTAN,32,0,BAR/NIGHT CLUB,false,25-44,M,BLACK,18-24,M,BLACK,1001841,235976,40.814366077000045,-73.93645131899994
195699912,04/06/2019,20:20:00,BRONX,40,0,,false,18-24,M,BLACK,18-24,M,BLACK,1006022,238221,40.82051865600005,-73.92133955099996
195700547,04/06/2019,12:58:00,BROOKLYN,88,2,MULTI DWELL - PUBLIC HOUS,false,25-44,M,BLACK,45-64,M,BLACK,989961,192624,40.69539152700002,-73.97940641699995
195604250,04/04/2019,22:35:00,BROOKLYN,67,0,,false,25-44,M,BLACK,25-44,M,BLACK,1004757,178619,40.656929053000056,-73.92609165799998
195604251,04/04/2019,21:10:00,QUEENS,105,0,,false,,,,25-44,M,ASIAN / PACIFIC ISLANDER,1057564,200120,40.71566436900008,-73.73553543099996
195553175,04/03/2019,14:00:00,BRONX,42,0,,false,25-44,M,BLACK,25-44,M,BLACK,1011134,241668,40.829965609000055,-73.90285617699995
195553175,04/03/2019,14:00:00,BRONX,42,0,,true,25-44,M,BLACK,25-44,M,BLACK,1011134,241668,40.829965609000055,-73.90285617699995
195440618,04/01/2019,22:21:00,BRONX,42,2,MULTI DWELL - PUBLIC HOUS,false,18-24,M,BLACK,25-44,M,BLACK,1010674,239150,40.82305580800004,-73.90452830099997
195396614,03/31/2019,21:16:00,BROOKLYN,71,0,,false,,,,18-24,M,BLACK,997631,178916,40.65775788800004,-73.95177405399994
195396618,03/31/2019,07:29:00,BROOKLYN,79,0,,false,18-24,M,BLACK,25-44,F,BLACK,1001063,186966,40.679847490000036,-73.93938447299998
195396616,03/31/2019,05:05:00,BROOKLYN,75,0,GROCERY/BODEGA,false,,,,25-44,M,BLACK,1015774,180556,40.66221332200007,-73.88637599799995
195397264,03/31/2019,03:30:00,BRONX,40,0,,false,25-44,M,BLACK,25-44,M,BLACK,1004261,234901,40.811410352000046,-73.92771191299995
195397264,03/31/2019,03:30:00,BRONX,40,0,,false,25-44,M,WHITE HISPANIC,25-44,M,BLACK,1004261,234901,40.811410352000046,-73.92771191299995
195396617,03/30/2019,23:30:00,BROOKLYN,77,0,,false,,,,25-44,M,BLACK,998854,184734,40.67372507300007,-73.94735355499995
195396615,03/30/2019,21:30:00,BROOKLYN,70,0,GROCERY/BODEGA,false,,,,18-24,M,BLACK,994871,177892,40.65495097100006,-73.96172317299995
195396615,03/30/2019,21:30:00,BROOKLYN,70,0,GROCERY/BODEGA,false,,,,<18,M,BLACK,994871,177892,40.65495097100006,-73.96172317299995
195396612,03/30/2019,00:50:00,QUEENS,113,0,,false,,,,18-24,M,BLACK,1046315,187088,40.67998073800004,-73.77623390699993
195396612,03/30/2019,00:50:00,QUEENS,113,0,,false,,,,25-44,M,BLACK,1046315,187088,40.67998073800004,-73.77623390699993
195303946,03/28/2019,07:45:00,QUEENS,108,0,,false,25-44,M,UNKNOWN,45-64,M,UNKNOWN,1004902,211595,40.74744008000005,-73.92546794099997
195254733,03/27/2019,13:43:00,MANHATTAN,34,0,,true,25-44,M,WHITE HISPANIC,45-64,M,WHITE HISPANIC,1003064,249581,40.85170536100002,-73.93199489299997
195203576,03/26/2019,02:25:00,BROOKLYN,77,0,,false,,,,18-24,M,BLACK,994109,187431,40.68113428400005,-73.96445548499997
195145308,03/25/2019,16:08:00,BRONX,40,0,,false,,,,25-44,M,BLACK HISPANIC,1008860,233679,40.808044688000045,-73.91110256099995
195102370,03/24/2019,00:10:00,BROOKLYN,63,0,PVT HOUSE,false,,,,25-44,M,BLACK,1006739,165849,40.62187333100008,-73.91899084899995
195102369,03/23/2019,20:47:00,QUEENS,101,0,,false,18-24,M,BLACK,25-44,M,BLACK,1044821,156440,40.59586912100008,-73.78189543199994
195102367,03/23/2019,15:50:00,BRONX,47,2,MULTI DWELL - PUBLIC HOUS,false,25-44,M,BLACK HISPANIC,25-44,F,BLACK HISPANIC,1026591,262398,40.88680259100005,-73.84687148999996
195102364,03/23/2019,05:44:00,BROOKLYN,79,2,MULTI DWELL - PUBLIC HOUS,false,25-44,M,BLACK,18-24,M,WHITE HISPANIC,999025,193414,40.69754940400002,-73.94671806199995
195102368,03/22/2019,22:25:00,BRONX,48,2,MULTI DWELL - PUBLIC HOUS,false,,,,25-44,M,BLACK HISPANIC,1013667,246291,40.84264632600008,-73.89368292099994
195102368,03/22/2019,22:25:00,BRONX,48,2,MULTI DWELL - PUBLIC HOUS,false,,,,<18,M,BLACK HISPANIC,1013667,246291,40.84264632600008,-73.89368292099994
195102365,03/22/2019,22:05:00,BROOKLYN,77,0,,true,,,,25-44,M,BLACK,994239,186637,40.67895478900005,-73.96398795599998
195102366,03/22/2019,15:01:00,BRONX,42,0,,false,,,,25-44,M,BLACK,1011260,240722,40.82736872600003,-73.90240468499996
195013388,03/21/2019,21:25:00,BROOKLYN,88,2,MULTI DWELL - PUBLIC HOUS,false,18-24,M,BLACK,45-64,F,BLACK,990281,192762,40.69577009300008,-73.97825230899997
195013387,03/21/2019,18:20:00,BRONX,40,2,MULTI DWELL - PUBLIC HOUS,false,18-24,M,WHITE HISPANIC,<18,M,BLACK,1005386,235950,40.81428694400006,-73.92364455999996
195013387,03/21/2019,18:20:00,BRONX,40,2,MULTI DWELL - PUBLIC HOUS,false,<18,M,WHITE HISPANIC,<18,M,BLACK,1005386,235950,40.81428694400006,-73.92364455999996
195013385,03/21/2019,04:07:00,BROOKLYN,75,0,MULTI DWELL - APT BUILD,false,,,,25-44,M,BLACK,1018017,180049,40.660813449000045,-73.87829385299993
195013384,03/21/2019,03:20:00,BRONX,44,0,,true,18-24,M,BLACK,25-44,M,BLACK HISPANIC,1007022,243322,40.834516921000045,-73.91770925599997
194965392,03/20/2019,21:36:00,QUEENS,105,0,,false,,,,25-44,M,BLACK,1054771,188274,40.683172699000075,-73.74573461299997
194915415,03/19/2019,17:21:00,BROOKLYN,75,0,,true,18-24,M,BLACK,18-24,M,BLACK,1017307,181828,40.66569908600008,-73.88084420599995
194915415,03/19/2019,17:21:00,BROOKLYN,75,0,,true,25-44,M,BLACK,18-24,M,BLACK,1017307,181828,40.66569908600008,-73.88084420599995
194859638,03/18/2019,21:33:00,MANHATTAN,28,0,MULTI DWELL - APT BUILD,false,,,,25-44,M,BLACK,995874,231986,40.803424497000044,-73.95801490799995
194859637,03/18/2019,20:08:00,MANHATTAN,23,2,MULTI DWELL - PUBLIC HOUS,false,<18,M,BLACK,18-24,M,BLACK,1000655,228899,40.794943941000035,-73.94075321199995
194859637,03/18/2019,20:08:00,MANHATTAN,23,2,MULTI DWELL - PUBLIC HOUS,false,<18,M,BLACK,18-24,M,BLACK HISPANIC,1000655,228899,40.794943941000035,-73.94075321199995
194859637,03/18/2019,20:08:00,MANHATTAN,23,2,MULTI DWELL - PUBLIC HOUS,false,<18,M,BLACK,18-24,M,WHITE HISPANIC,1000655,228899,40.794943941000035,-73.94075321199995
194817576,03/17/2019,06:30:00,BRONX,47,0,,false,25-44,M,BLACK,25-44,M,BLACK,1025737,261092,40.88322209000006,-73.84996813899994
194817577,03/17/2019,03:38:00,BROOKLYN,75,0,,false,18-24,M,UNKNOWN,25-44,M,BLACK,1017019,185083,40.67463439800008,-73.88186650699998
194817571,03/17/2019,03:37:00,MANHATTAN,25,0,,false,18-24,M,BLACK,18-24,M,BLACK,1001547,229776,40.79734936800003,-73.93752941099996
194817578,03/16/2019,13:30:00,QUEENS,113,0,,false,25-44,U,UNKNOWN,25-44,M,BLACK,1046468,192314,40.694323792000034,-73.77563402799996
194817575,03/16/2019,09:24:00,BROOKLYN,79,2,MULTI DWELL - PUBLIC HOUS,true,,,,45-64,M,BLACK,998160,193776,40.69854441100006,-73.949836781
194817572,03/16/2019,00:50:00,MANHATTAN,32,2,MULTI DWELL - PUBLIC HOUS,true,,,,45-64,M,BLACK,998762,235107,40.811986508000075,-73.94757654399997
194817574,03/15/2019,11:50:00,QUEENS,112,1,,false,25-44,M,BLACK,18-24,M,BLACK,1029239,201142,40.718658885000025,-73.83770522999998
194817573,03/15/2019,10:19:00,BROOKLYN,75,0,,false,45-64,M,WHITE HISPANIC,25-44,M,BLACK HISPANIC,1012359,181228,40.66406931200004,-73.89868224799993
194677549,03/13/2019,21:17:00,STATEN ISLAND,122,0,,true,18-24,M,WHITE,45-64,M,WHITE,953944,154834,40.591616128000055,-74.10912122599996
194626071,03/12/2019,23:34:00,BROOKLYN,77,0,,false,,,,18-24,M,BLACK,1002251,183677,40.67081759000007,-73.93511008699994
194626070,03/12/2019,22:20:00,BROOKLYN,75,0,,false,,,,18-24,M,BLACK,1019191,182199,40.66671016400005,-73.87405122799998
194626069,03/12/2019,08:21:00,BROOKLYN,73,2,MULTI DWELL - PUBLIC HOUS,false,,,,45-64,F,BLACK,1006026,185469,40.675727746000064,-73.92149590099996
194626068,03/12/2019,01:00:00,BROOKLYN,73,0,,false,25-44,M,BLACK,25-44,M,BLACK,1009653,183399,40.67003639800004,-73.90842786599995
194570530,03/11/2019,21:05:00,BROOKLYN,81,0,,false,,,,45-64,M,BLACK,1006104,187792,40.68210366200003,-73.92120716799997
194570529,03/11/2019,16:30:00,BROOKLYN,81,0,,false,18-24,M,BLACK,25-44,M,BLACK,1001181,189778,40.68756556300008,-73.93895197599994
194570529,03/11/2019,16:30:00,BROOKLYN,81,0,,false,<18,M,UNKNOWN,25-44,M,BLACK,1001181,189778,40.68756556300008,-73.93895197599994
194525845,03/10/2019,22:30:00,BROOKLYN,79,2,MULTI DWELL - PUBLIC HOUS,false,18-24,M,BLACK,18-24,M,BLACK,998314,192761,40.69575822900004,-73.94928351799997
194525843,03/10/2019,05:38:00,MANHATTAN,13,0,,false,25-44,M,WHITE HISPANIC,45-64,M,BLACK,990300,209478,40.74165148800005,-73.97816876899999
194525841,03/09/2019,15:40:00,QUEENS,109,0,,false,25-44,M,WHITE HISPANIC,18-24,M,WHITE HISPANIC,1032665,219163,40.76810385400006,-73.82521637499997
194525841,03/09/2019,15:40:00,QUEENS,109,0,,false,25-44,M,WHITE HISPANIC,25-44,M,WHITE HISPANIC,1032665,219163,40.76810385400006,-73.82521637499997
194527595,03/09/2019,09:20:00,BRONX,42,0,,false,,,,18-24,M,BLACK,1010697,241162,40.82857810400003,-73.90443726899997
194527594,03/09/2019,04:00:00,QUEENS,106,0,BAR/NIGHT CLUB,false,25-44,M,WHITE HISPANIC,18-24,M,BLACK,1025542,187004,40.67987145200004,-73.85112867499998
194525846,03/09/2019,02:41:00,MANHATTAN,25,,,false,UNKNOWN,M,BLACK,25-44,M,BLACK,1000472,230833,40.80025258300003,-73.94140946199997
194525844,03/09/2019,01:10:00,BRONX,41,0,MULTI DWELL - APT BUILD,false,18-24,M,BLACK,25-44,M,BLACK HISPANIC,1012780,236449,40.81563577600008,-73.89693055399994
194378288,03/06/2019,20:29:00,BROOKLYN,62,0,MULTI DWELL - APT BUILD,false,,,,25-44,M,WHITE,986543,157612,40.599292698000056,-73.99174431699998
194324356,03/05/2019,23:24:00,BROOKLYN,79,0,,true,,,,25-44,M,WHITE HISPANIC,996757,190062,40.68835243400008,-73.95490341799997
194324355,03/05/2019,22:30:00,QUEENS,105,0,,true,18-24,M,BLACK,25-44,M,BLACK,1049440,181649,40.66502949200003,-73.76501976899993
194324354,03/05/2019,20:04:00,BRONX,44,0,GROCERY/BODEGA,false,,,,25-44,M,BLACK HISPANIC,1008093,245355,40.84009408900005,-73.91383171199995
194269158,03/04/2019,22:22:00,BROOKLYN,81,2,MULTI DWELL - PUBLIC HOUS,false,<18,M,BLACK,<18,M,BLACK,1004899,187202,40.680487139000036,-73.92555358299995
194232503,03/04/2019,00:40:00,BRONX,45,0,,false,25-44,M,BLACK,25-44,F,BLACK,1033217,254904,40.86619963500005,-73.82296280999998
194226976,03/02/2019,21:30:00,BROOKLYN,75,0,,false,18-24,M,BLACK,<18,M,WHITE HISPANIC,1017036,183890,40.67135982000008,-73.88181102299995
194226977,03/02/2019,04:20:00,QUEENS,113,0,,false,,,,18-24,M,BLACK,1041582,183607,40.67045812200007,-73.79332768599994
194085122,02/28/2019,02:18:00,MANHATTAN,23,2,MULTI DWELL - PUBLIC HOUS,false,,,,18-24,M,BLACK,999211,229699,40.79714228700004,-73.94596657399995
194085121,02/27/2019,18:22:00,MANHATTAN,34,2,MULTI DWELL - PUBLIC HOUS,false,,,,25-44,M,WHITE HISPANIC,1005232,253268,40.861820186000045,-73.92414673399996
194032274,02/26/2019,17:46:00,QUEENS,103,0,PVT HOUSE,true,,,,45-64,M,ASIAN / PACIFIC ISLANDER,1043295,195411,40.70284605000006,-73.78704914399998
194032590,02/26/2019,16:23:00,BROOKLYN,60,0,,false,<18,M,BLACK,18-24,F,WHITE HISPANIC,989383,149489,40.57699549000005,-73.98152360899996
193982311,02/25/2019,11:00:00,QUEENS,112,0,,false,18-24,M,BLACK,<18,M,WHITE HISPANIC,1026312,207207,40.73532021200003,-73.84822634799998
193939359,02/24/2019,23:20:00,BRONX,44,2,MULTI DWELL - PUBLIC HOUS,false,18-24,M,BLACK,25-44,M,BLACK,1008653,241755,40.83021160200008,-73.91182094199996
193939355,02/24/2019,00:10:00,BROOKLYN,73,0,,false,,,,<18,F,BLACK,1009526,183374,40.66996814200007,-73.90888577399994
193939355,02/24/2019,00:10:00,BROOKLYN,73,0,,false,,,,25-44,M,BLACK,1009526,183374,40.66996814200007,-73.90888577399994
193939360,02/23/2019,06:29:00,BRONX,43,2,MULTI DWELL - PUBLIC HOUS,false,,,,45-64,M,BLACK,1026382,237309,40.81794183300008,-73.84778502199998
193939354,02/23/2019,00:27:00,MANHATTAN,32,0,,false,,,,25-44,M,BLACK,1001775,235861,40.81405056600005,-73.93669005299995
193938809,02/22/2019,17:44:00,BROOKLYN,70,0,MULTI DWELL - APT BUILD,true,18-24,M,BLACK,<18,M,BLACK,997703,171170,40.63649668200002,-73.95153000199997
193939357,02/22/2019,17:03:00,BROOKLYN,67,0,,true,18-24,M,BLACK,18-24,M,BLACK,1008498,176354,40.65070267000005,-73.91261677899996
193939358,02/22/2019,15:30:00,QUEENS,101,0,,false,<18,M,BLACK,45-64,F,WHITE HISPANIC,1050837,157878,40.59977297000006,-73.76021875499998
193939358,02/22/2019,15:30:00,QUEENS,101,0,,false,<18,M,BLACK,18-24,M,BLACK,1050837,157878,40.59977297000006,-73.76021875499998
193939356,02/22/2019,05:51:00,QUEENS,109,0,,false,25-44,M,ASIAN / PACIFIC ISLANDER,25-44,M,ASIAN / PACIFIC ISLANDER,1030152,213941,40.753784232000044,-73.83432429699997
193939353,02/22/2019,04:11:00,BRONX,46,0,,false,,,,45-64,M,BLACK,1010969,248351,40.84830899400004,-73.90342577999998
193779318,02/19/2019,22:27:00,BROOKLYN,81,0,GROCERY/BODEGA,false,25-44,F,BLACK,45-64,M,BLACK,1005118,185998,40.67718191900008,-73.92476772999999
193779318,02/19/2019,22:27:00,BROOKLYN,81,0,GROCERY/BODEGA,false,25-44,M,BLACK,45-64,M,BLACK,1005118,185998,40.67718191900008,-73.92476772999999
193733167,02/18/2019,23:49:00,BRONX,40,0,,false,,,,18-24,M,BLACK HISPANIC,1007951,238554,40.82142768200004,-73.91436893199995
193732895,02/18/2019,18:16:00,BRONX,47,0,,false,45-64,M,BLACK,25-44,F,BLACK,1028857,263946,40.89104019400003,-73.83866600699997
193694862,02/17/2019,14:08:00,BROOKLYN,63,0,,false,18-24,M,BLACK,18-24,M,BLACK,1006878,169152,40.63093901600007,-73.91847906599996
193694863,02/17/2019,03:00:00,QUEENS,114,2,MULTI DWELL - PUBLIC HOUS,false,18-24,M,BLACK,25-44,M,BLACK,999484,214810,40.75627543400003,-73.94501432899995
193694861,02/16/2019,22:30:00,BRONX,52,0,,false,25-44,M,WHITE HISPANIC,25-44,M,BLACK HISPANIC,1015040,256807,40.87150490000005,-73.88867234499997
193602933,02/14/2019,22:38:00,MANHATTAN,33,0,,false,25-44,M,BLACK,25-44,M,BLACK,1000607,243285,40.834429577000044,-73.94089151099996
193517125,02/12/2019,18:10:00,QUEENS,102,0,,false,25-44,M,BLACK,UNKNOWN,M,UNKNOWN,1032234,192287,40.69433830500003,-73.82696399999998
193517125,02/12/2019,18:10:00,QUEENS,102,0,,true,25-44,M,BLACK,UNKNOWN,M,UNKNOWN,1032234,192287,40.69433830500003,-73.82696399999998
193517125,02/12/2019,18:10:00,QUEENS,102,0,,false,25-44,M,BLACK,UNKNOWN,M,WHITE,1032234,192287,40.69433830500003,-73.82696399999998
193517125,02/12/2019,18:10:00,QUEENS,102,0,,true,25-44,M,BLACK,UNKNOWN,M,WHITE,1032234,192287,40.69433830500003,-73.82696399999998
193509769,02/12/2019,11:00:00,BRONX,41,0,,false,,,,25-44,M,BLACK,1011837,239059,40.82280248200004,-73.90032661699998
193466266,02/12/2019,02:34:00,QUEENS,109,0,,true,,,,25-44,M,ASIAN / PACIFIC ISLANDER,1030259,213170,40.75166748000004,-73.83394336999999
193462348,02/11/2019,23:16:00,BROOKLYN,75,0,PVT HOUSE,false,25-44,M,ASIAN / PACIFIC ISLANDER,25-44,F,BLACK HISPANIC,1020078,185188,40.67491074800005,-73.87083801799997
193462347,02/11/2019,08:50:00,BROOKLYN,75,0,,false,<18,M,BLACK,<18,M,BLACK,1020930,185590,40.67601065700006,-73.86776429099997
193418291,02/10/2019,10:52:00,BRONX,42,0,,false,25-44,M,BLACK,25-44,M,BLACK,1010697,241162,40.82857810400003,-73.90443726899997
193418290,02/10/2019,04:40:00,MANHATTAN,34,0,,false,,,,25-44,M,BLACK HISPANIC,1007515,256198,40.869856423000044,-73.91588299999995
193418293,02/09/2019,19:00:00,BRONX,49,2,MULTI DWELL - PUBLIC HOUS,false,,,,<18,M,BLACK,1021316,253601,40.86268129200005,-73.86599762999998
193418294,02/09/2019,02:00:00,MANHATTAN,23,0,,false,18-24,M,BLACK,18-24,M,BLACK,998391,229756,40.797300086000064,-73.94892805999996
193417904,02/08/2019,17:00:00,BRONX,40,0,,true,18-24,M,BLACK,18-24,M,BLACK,1010201,237368,40.81816612400007,-73.90624419799997
193417904,02/08/2019,17:00:00,BRONX,40,0,,true,<18,M,WHITE HISPANIC,18-24,M,BLACK,1010201,237368,40.81816612400007,-73.90624419799997
193267668,02/06/2019,22:26:00,BROOKLYN,81,0,,false,,,,18-24,F,BLACK,1004228,186742,40.67922608300007,-73.92797416799993
193267668,02/06/2019,22:26:00,BROOKLYN,81,0,,true,,,,18-24,F,BLACK,1004228,186742,40.67922608300007,-73.92797416799993
193267668,02/06/2019,22:26:00,BROOKLYN,81,0,,false,,,,45-64,F,BLACK,1004228,186742,40.67922608300007,-73.92797416799993
193267668,02/06/2019,22:26:00,BROOKLYN,81,0,,true,,,,45-64,F,BLACK,1004228,186742,40.67922608300007,-73.92797416799993
193267668,02/06/2019,22:26:00,BROOKLYN,81,0,,false,,,,18-24,M,BLACK,1004228,186742,40.67922608300007,-73.92797416799993
193267668,02/06/2019,22:26:00,BROOKLYN,81,0,,true,,,,18-24,M,BLACK,1004228,186742,40.67922608300007,-73.92797416799993
193226256,02/06/2019,04:52:00,BROOKLYN,90,2,MULTI DWELL - PUBLIC HOUS,false,25-44,M,BLACK,25-44,M,BLACK HISPANIC,1001020,196400,40.70574171900005,-73.93951601999999
193214568,02/05/2019,12:03:00,QUEENS,101,0,,false,18-24,M,BLACK,25-44,M,WHITE HISPANIC,1051960,160392,40.606664855000076,-73.75614960299998
193162778,02/04/2019,20:38:00,MANHATTAN,32,2,MULTI DWELL - PUBLIC HOUS,false,,,,25-44,M,BLACK,998842,235649,40.81347401500005,-73.94728636499997
193160951,02/04/2019,13:40:00,BROOKLYN,79,2,MULTI DWELL - PUBLIC HOUS,true,,,,25-44,M,BLACK,998286,189885,40.68786431700005,-73.94939048399993
193160952,02/04/2019,11:41:00,BROOKLYN,60,0,,false,25-44,M,BLACK,45-64,F,BLACK,984147,150278,40.57916262500004,-74.00037223199998
193160952,02/04/2019,11:41:00,BROOKLYN,60,0,,true,25-44,M,BLACK,45-64,F,BLACK,984147,150278,40.57916262500004,-74.00037223199998
193160952,02/04/2019,11:41:00,BROOKLYN,60,0,,false,25-44,M,BLACK,45-64,M,BLACK,984147,150278,40.57916262500004,-74.00037223199998
193160952,02/04/2019,11:41:00,BROOKLYN,60,0,,true,25-44,M,BLACK,45-64,M,BLACK,984147,150278,40.57916262500004,-74.00037223199998
193118589,02/03/2019,23:10:00,BROOKLYN,67,0,,true,,,,25-44,M,BLACK,1003612,172783,40.64091307700004,-73.93023512999997
193118591,02/03/2019,12:43:00,QUEENS,115,1,,true,18-24,M,WHITE HISPANIC,18-24,M,WHITE HISPANIC,1018475,211969,40.748424502000034,-73.87648084299997
193118591,02/03/2019,12:43:00,QUEENS,115,1,,true,25-44,M,WHITE HISPANIC,18-24,M,WHITE HISPANIC,1018475,211969,40.748424502000034,-73.87648084299997
193118596,02/02/2019,19:40:00,MANHATTAN,23,0,,false,18-24,M,WHITE HISPANIC,18-24,M,BLACK HISPANIC,999347,227795,40.79191609100008,-73.94547965999998
193118593,02/02/2019,00:45:00,QUEENS,113,0,GROCERY/BODEGA,false,18-24,M,BLACK,25-44,M,ASIAN / PACIFIC ISLANDER,1040720,190569,40.689572726000044,-73.79637672499997
193118593,02/02/2019,00:45:00,QUEENS,113,0,GROCERY/BODEGA,false,25-44,M,WHITE,25-44,M,ASIAN / PACIFIC ISLANDER,1040720,190569,40.689572726000044,-73.79637672499997
193118592,02/01/2019,19:57:00,MANHATTAN,25,0,,false,25-44,M,BLACK HISPANIC,25-44,M,WHITE HISPANIC,999826,230239,40.79862337700007,-73.94374411699994
193026088,01/31/2019,18:45:00,QUEENS,105,0,,false,,,,25-44,M,BLACK,1052230,179775,40.65986481400005,-73.75498197399996
192978312,01/31/2019,00:15:00,MANHATTAN,33,0,,false,,,,18-24,M,BLACK HISPANIC,1000038,243153,40.83406831000008,-73.94294803999998
192978312,01/31/2019,00:15:00,MANHATTAN,33,0,,true,,,,18-24,M,BLACK HISPANIC,1000038,243153,40.83406831000008,-73.94294803999998
192978312,01/31/2019,00:15:00,MANHATTAN,33,0,,false,,,,25-44,M,WHITE HISPANIC,1000038,243153,40.83406831000008,-73.94294803999998
192978312,01/31/2019,00:15:00,MANHATTAN,33,0,,true,,,,25-44,M,WHITE HISPANIC,1000038,243153,40.83406831000008,-73.94294803999998
192974876,01/30/2019,22:54:00,MANHATTAN,34,0,,false,,,,18-24,M,UNKNOWN,1003851,250093,40.85310893600007,-73.92914864499993
192974875,01/30/2019,19:02:00,MANHATTAN,34,0,,false,,,,25-44,M,BLACK HISPANIC,1003738,254096,40.86409622000008,-73.92954547499993
192876454,01/28/2019,20:36:00,BRONX,43,0,GROCERY/BODEGA,false,,,,<18,M,BLACK,1023548,238402,40.82095486800005,-73.85801740899994
192876454,01/28/2019,20:36:00,BRONX,43,0,GROCERY/BODEGA,false,,,,18-24,M,BLACK HISPANIC,1023548,238402,40.82095486800005,-73.85801740899994
192876037,01/28/2019,03:14:00,MANHATTAN,34,0,,false,,,,25-44,M,BLACK,1006901,254647,40.86560099800005,-73.91810825999994
192834302,01/27/2019,10:44:00,QUEENS,113,0,,false,18-24,M,BLACK,18-24,M,BLACK,1045308,188293,40.68329518400003,-73.77985358499996
192834302,01/27/2019,10:44:00,QUEENS,113,0,,false,25-44,M,BLACK,18-24,M,BLACK,1045308,188293,40.68329518400003,-73.77985358499996
192834300,01/26/2019,20:55:00,BROOKLYN,83,0,,true,18-24,M,BLACK,18-24,M,BLACK,1007922,189765,40.68751442000007,-73.91464546899994
192834303,01/26/2019,16:07:00,BROOKLYN,73,2,MULTI DWELL - PUBLIC HOUS,false,25-44,M,BLACK,18-24,M,BLACK HISPANIC,1008228,183789,40.67111083400005,-73.91356336299998
192834301,01/25/2019,23:58:00,BROOKLYN,90,2,MULTI DWELL - PUBLIC HOUS,false,25-44,M,BLACK,25-44,M,WHITE HISPANIC,1001438,194908,40.70164572700002,-73.93801220099994
192834299,01/25/2019,01:55:00,QUEENS,106,0,,false,25-44,M,BLACK,45-64,F,ASIAN / PACIFIC ISLANDER,1033346,183414,40.66997788500004,-73.82301862099996
192699974,01/24/2019,00:42:00,BRONX,47,0,,false,25-44,M,BLACK,25-44,M,BLACK,1021895,259481,40.87881762600006,-73.86387135299998
192582052,01/21/2019,21:30:00,BRONX,47,0,,false,,,,18-24,M,BLACK,1023388,256742,40.87129342900005,-73.85848844499998
192545751,01/20/2019,15:10:00,BRONX,41,0,,false,,,,25-44,M,WHITE HISPANIC,1013775,238190,40.820411060000026,-73.89332824199995
192545414,01/19/2019,22:25:00,BROOKLYN,94,2,MULTI DWELL - PUBLIC HOUS,true,,,,25-44,M,BLACK,1000940,201183,40.71887006600008,-73.93979270399994
192545747,01/19/2019,19:30:00,MANHATTAN,23,0,,false,,,,<18,M,WHITE HISPANIC,998811,229459,40.79648422100007,-73.94741177999998
192545750,01/19/2019,14:36:00,BRONX,43,0,,false,,,,25-44,M,BLACK,1017982,240268,40.82609951400008,-73.87811801099997
192545749,01/19/2019,04:00:00,QUEENS,109,0,,false,,,,25-44,M,BLACK,1030092,220250,40.77110109700004,-73.83449783599998
192545749,01/19/2019,04:00:00,QUEENS,109,0,,true,,,,25-44,M,BLACK,1030092,220250,40.77110109700004,-73.83449783599998
192545748,01/19/2019,00:43:00,MANHATTAN,32,2,MULTI DWELL - PUBLIC HOUS,true,,,,25-44,M,BLACK,1000001,238478,40.821236836000026,-73.94309272199997
192545746,01/18/2019,18:32:00,BRONX,40,0,,false,,,,45-64,M,BLACK HISPANIC,1006920,235434,40.812866866000036,-73.91810450699995
192440376,01/17/2019,13:20:00,BROOKLYN,79,2,MULTI DWELL - PUBLIC HOUS,true,,,,25-44,M,WHITE HISPANIC,995728,190315,40.689048255000046,-73.95861337799995
192455949,01/17/2019,13:18:00,BRONX,46,2,,false,25-44,M,WHITE HISPANIC,<18,M,WHITE HISPANIC,1012007,250172,40.853303895000074,-73.89966639999993
192301916,01/14/2019,17:10:00,BROOKLYN,75,0,,false,18-24,M,BLACK,18-24,M,BLACK,1017640,182557,40.66769877900003,-73.87964026499998
192301916,01/14/2019,17:10:00,BROOKLYN,75,0,,false,25-44,M,BLACK,18-24,M,BLACK,1017640,182557,40.66769877900003,-73.87964026499998
192301917,01/14/2019,11:55:00,BROOKLYN,75,0,PVT HOUSE,false,45-64,F,BLACK,25-44,M,BLACK,1015806,183889,40.671361545000025,-73.88624505699994
192301917,01/14/2019,11:55:00,BROOKLYN,75,0,PVT HOUSE,false,25-44,M,BLACK,25-44,M,BLACK,1015806,183889,40.671361545000025,-73.88624505699994
192258908,01/13/2019,22:11:00,QUEENS,113,0,,false,,,,25-44,M,BLACK,1051144,193463,40.697443411000044,-73.75876034299995
192258908,01/13/2019,22:11:00,QUEENS,113,0,,true,,,,25-44,M,BLACK,1051144,193463,40.697443411000044,-73.75876034299995
192259536,01/13/2019,19:55:00,MANHATTAN,32,0,,false,,,,45-64,M,BLACK,1000486,235640,40.813446445000075,-73.94134727099998
192258906,01/13/2019,13:35:00,BROOKLYN,77,2,MULTI DWELL - PUBLIC HOUS,true,,,,25-44,M,BLACK,1004594,185427,40.675615872000044,-73.92665858699996
192259533,01/13/2019,06:00:00,BROOKLYN,70,0,,false,,,,25-44,M,BLACK,996079,174395,40.64535093400008,-73.95737565299999
192258907,01/13/2019,04:00:00,BROOKLYN,79,0,,false,,,,25-44,M,BLACK,998234,186890,40.67964380700005,-73.94958420199998
192259535,01/12/2019,05:47:00,QUEENS,109,0,PVT HOUSE,false,18-24,M,WHITE,18-24,F,BLACK HISPANIC,1038778,216009,40.759411366000045,-73.80317322499997
192259537,01/12/2019,05:24:00,BROOKLYN,79,0,,false,,,,25-44,F,BLACK,1001291,186474,40.67849662500004,-73.93856369499997
192259534,01/11/2019,15:15:00,BRONX,46,0,MULTI DWELL - APT BUILD,false,,,,18-24,M,WHITE HISPANIC,1009356,247701,40.846529670000045,-73.90925838899994
192159800,01/11/2019,01:30:00,BROOKLYN,69,2,MULTI DWELL - PUBLIC HOUS,false,,,,25-44,M,BLACK,1012853,176538,40.65119471500003,-73.89692151399998
192059857,01/09/2019,05:43:00,BRONX,47,0,,true,25-44,M,BLACK,25-44,M,BLACK,1024819,260118,40.88055303600004,-73.85329388199995
192049864,01/08/2019,11:03:00,BROOKLYN,73,0,,false,,,,25-44,M,BLACK,1006411,182794,40.66838451700004,-73.92011671699998
191997175,01/08/2019,00:32:00,BRONX,42,0,,false,18-24,M,BLACK,18-24,M,WHITE HISPANIC,1010106,241483,40.82946090600007,-73.90657156199995
191997175,01/08/2019,00:32:00,BRONX,42,0,,false,18-24,M,WHITE HISPANIC,18-24,M,WHITE HISPANIC,1010106,241483,40.82946090600007,-73.90657156199995
193118595,01/07/2019,19:30:00,QUEENS,107,0,,false,,,,25-44,M,BLACK,1034880,204404,40.72758178300006,-73.81733103899995
191995443,01/07/2019,19:19:00,BRONX,48,2,MULTI DWELL - PUBLIC HOUS,true,25-44,M,BLACK,25-44,M,BLACK,1017483,245763,40.841183585000074,-73.87989381599994
191951586,01/06/2019,23:36:00,BROOKLYN,60,2,MULTI DWELL - PUBLIC HOUS,false,,,,25-44,M,BLACK,986481,148626,40.57462792900003,-73.99197054399998
191951588,01/06/2019,03:00:00,BRONX,43,2,MULTI DWELL - PUBLIC HOUS,true,,,,25-44,M,WHITE HISPANIC,1021283,238581,40.82145595800005,-73.86619987399997
191949900,01/06/2019,02:46:00,BRONX,41,0,,false,,,,45-64,M,BLACK HISPANIC,1013902,238673,40.82173633200006,-73.89286725999993
191951587,01/05/2019,16:00:00,QUEENS,114,2,MULTI DWELL - PUBLIC HOUS,false,,,,18-24,M,BLACK,1002652,215969,40.759450567000044,-73.933576266
191949902,01/05/2019,01:50:00,BRONX,43,0,,false,,,,45-64,M,BLACK,1025519,242145,40.83121933700004,-73.85087315799996
191951589,01/05/2019,00:42:00,STATEN ISLAND,120,0,,false,,,,<18,M,BLACK HISPANIC,951319,171306,40.63681896700007,-74.11865312699997
191949899,01/04/2019,15:49:00,BROOKLYN,61,2,,false,<18,M,BLACK,<18,M,BLACK,1000639,157279,40.598363825000035,-73.94098525199998
191853461,01/04/2019,02:20:00,BROOKLYN,60,0,MULTI DWELL - APT BUILD,false,18-24,M,BLACK,45-64,M,BLACK,986229,148311,40.573763375000055,-73.99287775699997
191851038,01/03/2019,23:00:00,STATEN ISLAND,121,0,,false,,,,18-24,M,BLACK,939054,166916,40.62471527000002,-74.16281491499996
191851037,01/03/2019,21:00:00,BRONX,49,0,,false,,,,25-44,M,BLACK,1024472,256716,40.871217194000046,-73.85456914199995
191790873,01/02/2019,13:34:00,BROOKLYN,79,2,MULTI DWELL - PUBLIC HOUS,false,,,,25-44,M,WHITE HISPANIC,999653,193642,40.69817414000005,-73.94445277199996
191739125,01/01/2019,05:40:00,BROOKLYN,88,2,MULTI DWELL - PUBLIC HOUS,false,,,,18-24,M,BLACK,991148,192533,40.69514090800004,-73.975125947
191709964,01/01/2019,04:26:00,BROOKLYN,75,2,MULTI DWELL - PUBLIC HOUS,true,,,,25-44,M,BLACK,1021382,181825,40.665674700000075,-73.86615550299997
191739126,01/01/2019,02:19:00,BRONX,46,2,MULTI DWELL - APT BUILD,false,25-44,M,BLACK HISPANIC,25-44,M,BLACK,1013072,251276,40.85633063300003,-73.89581193099998
